Name 1;Length 1;Name 2;Length 2;Mentions;Paired
hollowly;1;Harry;1824;1;True
Serpent-tongue;1;Slytherin;86;1;True
Brown;2;Miss;18;1;True
sagely;1;Ron;738;1;True
Malfoys;3;Mr.;138;1;False
finally;2;Ginny;120;1;True
finally;2;Fred;111;1;True
carelessly;1;Flint;12;1;True
dramatically;1;Myrtle;69;1;True
League;2;Defense;12;2;True
Cheese;1;Charm;11;1;True
Voldemort;31;Lord;19;13;True
I'd;25;still;7;1;False
I'd;25;never;12;3;False
I'd;25;just;5;1;False
brightly;4;Myrtle;69;1;False
brightly;4;Hermione;341;1;False
brightly;4;Ron;738;1;False
Thomas;7;Seamus;18;2;False
Thomas;7;Finnigan;8;2;False
Thomas;7;loudly;10;1;False
Thomas;7;Dean;16;6;True
accidentally;1;Ginny;120;1;True
blankly;1;Mr.;138;1;True
blankly;1;Weasley;176;1;True
Defense;12;League;2;2;True
Petunia;30;Vernon;44;1;False
Petunia;30;rapturously;1;1;True
Petunia;30;promptly;1;1;True
George;99;Harry;1824;1;False
George;99;angrily;8;1;False
George;99;Weasley;176;7;False
George;99;together;4;1;False
George;99;Fred;111;29;False
curtly;1;Professor;192;1;True
curtly;1;McGonagall;99;1;True
Weasley;176;Percy;72;7;False
Weasley;176;Ron;738;2;False
Weasley;176;Ginny;120;13;False
Weasley;176;Act;3;1;False
Weasley;176;Potter;123;1;False
Weasley;176;Arthur;16;6;True
Weasley;176;eagerly;8;2;False
Weasley;176;Fred;111;9;False
Weasley;176;blankly;1;1;True
Weasley;176;Mr.;138;50;True
Weasley;176;nearly;2;1;True
Weasley;176;sharply;10;2;False
Weasley;176;Granger;23;3;False
Weasley;176;indignantly;1;1;True
Weasley;176;Miss;18;2;False
Weasley;176;now;7;1;False
Weasley;176;delightedly;2;1;True
Weasley;176;George;99;7;False
Weasley;176;apart;1;1;True
Bulstrode;7;Millicent;9;6;True
Bulstrode;7;Miss;18;1;False
crisply;1;Professor;192;1;True
crisply;1;McGonagall;99;1;True
Goyle;46;obviously;2;1;True
Goyle;46;Crabbe;37;11;False
Head;6;Polo;1;1;True
Head;6;Boys;2;1;True
Head;6;still;7;1;False
tensely;2;Ron;738;2;True
Gilderoy;39;Lockhart;236;34;True
Boys;2;Head;6;1;True
lazily;2;Snape;108;1;True
lazily;2;Malfoy;222;1;True
reverently;1;Dobby;135;1;True
ever;4;Hogwarts;80;1;False
ever;4;Gryffindor;63;1;False
ever;4;Muggle;11;1;False
ever;4;Tower;11;1;False
ever;4;Slytherin;86;1;False
Neville;31;Longbottom;10;9;True
Professor;192;McGonagall;99;83;True
Professor;192;crisply;1;1;True
Professor;192;curtly;1;1;True
Professor;192;heavily;3;1;False
Professor;192;Dippet;7;2;False
Professor;192;Dumbledore;166;13;False
Professor;192;back;14;2;False
Professor;192;eagerly;8;1;False
Professor;192;obviously;2;1;True
Professor;192;sometimes;1;1;True
Professor;192;alone;3;1;False
Professor;192;Dumbledore...Riddle;1;1;True
Professor;192;Binns;20;19;True
Professor;192;Snape;108;8;False
Professor;192;Sinistra;1;2;True
Professor;192;sharply;10;2;False
Professor;192;squarely;1;1;True
Professor;192;slowly;8;1;False
Professor;192;Flitwick;9;6;True
Professor;192;weakly;7;1;False
Professor;192;Lockhart;236;10;False
never;12;Pomfrey;29;1;False
never;12;Hagrid;171;1;False
never;12;You'd;7;1;False
never;12;He'd;8;1;False
never;12;I'd;25;3;False
never;12;Bludgers;5;2;True
never;12;Dobby;135;2;False
never;12;Harry;1824;1;False
here;3;Harry;1824;3;True
Arthur;16;Weasley;176;6;True
Arthur;16;Act;3;1;False
Championship;2;House;13;2;True
wearily;1;Harry;1824;1;True
quite;1;Harry;1824;1;True
Bludger;43;other;6;1;False
Bludger;43;back;14;2;False
Hagrid;171;furiously;3;1;False
Hagrid;171;happily;5;1;False
Hagrid;171;grimly;3;1;False
Hagrid;171;Dumbledore;166;2;False
Hagrid;171;proudly;2;1;True
Hagrid;171;gruffly;2;1;True
Hagrid;171;loudly;10;1;False
Hagrid;171;Alley;17;1;False
Hagrid;171;never;12;1;False
Hagrid;171;away;3;1;False
Hagrid;171;still;7;1;False
Hagrid;171;urgently;4;1;False
Hagrid;171;abruptly;3;1;False
Burkes;3;Borgin;20;3;True
impatiently;5;Malfoy;222;1;False
impatiently;5;Hermione;341;1;False
impatiently;5;Ron;738;3;True
Miss;18;Brown;2;1;True
Miss;18;Pennyfeather;1;1;True
Miss;18;Grant;1;1;True
Miss;18;Weasley;176;2;False
Miss;18;Bulstrode;7;1;False
Miss;18;Granger;23;10;True
Miss;18;Fawcett;1;1;True
Percy;72;sternly;2;2;True
Percy;72;loudly;10;1;False
Percy;72;fiercely;4;1;False
Percy;72;briskly;4;1;False
Percy;72;Weasley;176;7;False
usually;1;Draco;37;1;True
usually;1;Malfoy;222;1;True
Pomfrey;29;wonderingly;2;1;True
Pomfrey;29;grimly;3;1;False
Pomfrey;29;never;12;1;False
Pomfrey;29;Hermione;341;1;False
suddenly;13;Fang;35;1;False
suddenly;13;Hermione;341;1;False
suddenly;13;Dobby;135;1;False
suddenly;13;Ron;738;3;False
suddenly;13;Harry;1824;7;True
angrily;8;Alicia;5;1;False
angrily;8;George;99;1;False
angrily;8;Ron;738;2;False
angrily;8;Harry;1824;4;True
testily;1;Wood;44;1;True
Nick;49;stiffly;1;1;True
Nick;49;Justin;44;4;False
Nick;49;proudly;2;1;True
Nick;49;eagerly;8;1;False
Nick;49;quickly;16;1;False
Nick;49;loudly;10;1;False
Nick;49;excitedly;4;1;False
Nick;49;bitterly;1;1;True
Nick;49;now;7;1;False
Nick;49;darkly;3;1;False
fearfully;1;Harry;1824;1;True
privately;1;Harry;1824;1;True
Spinnet;2;Alicia;5;2;True
Tom;12;Dear;8;3;True
Express;8;Hogwarts;80;8;True
forcefully;2;Vernon;44;1;True
forcefully;2;Harry;1824;1;True
Vernon;44;Dursley;4;1;False
Vernon;44;viciously;1;1;True
Vernon;44;forcefully;2;1;True
Vernon;44;Dudley;40;1;False
Vernon;44;Harry;1824;2;False
Vernon;44;heartily;2;1;True
Vernon;44;Petunia;30;1;False
Vernon;44;nastily;1;1;True
Hogwarts;80;also;2;1;True
Hogwarts;80;Express;8;8;True
Hogwarts;80;ever;4;1;False
Hogwarts;80;again;5;1;False
bitterly;1;Nick;49;1;True
grimly;3;Pomfrey;29;1;False
grimly;3;Hagrid;171;1;False
grimly;3;Harry;1824;1;False
Granger;23;Ron;738;2;False
Granger;23;Weasley;176;3;False
Granger;23;Mr.;138;4;False
Granger;23;Hermione;341;8;True
Granger;23;Mudblood;5;1;False
Granger;23;Miss;18;10;True
Wednesday;3;London;7;1;False
sharply;10;Dumbledore;166;1;False
sharply;10;Ron;738;3;False
sharply;10;Professor;192;2;False
sharply;10;McGonagall;99;2;False
sharply;10;Weasley;176;2;False
sharply;10;Malfoy;222;1;False
sharply;10;Mr.;138;2;False
sharply;10;Hermione;341;1;False
distractedly;1;Harry;1824;1;True
enviously;1;Ron;738;1;True
Seamus;18;Finnigan;8;5;True
Seamus;18;Dean;16;1;False
Seamus;18;Thomas;7;2;False
Snape;108;again;5;1;False
Snape;108;Professor;192;8;False
Snape;108;McGonagall;99;2;False
Snape;108;icily;1;1;True
Snape;108;lazily;2;1;True
Snape;108;Severus;6;2;False
Snape;108;coldly;3;1;False
Snape;108;Lockhart;236;1;False
stubbornly;1;Ernie;25;1;True
Ernie;25;Hufflepuff;9;1;False
Ernie;25;Hannah;5;3;True
Ernie;25;swiftly;1;1;True
Ernie;25;stubbornly;1;1;True
Ernie;25;Macmillan;5;3;True
Mr.;138;Dursley;4;2;True
Mr.;138;smoothly;2;1;True
Mr.;138;almost;6;1;False
Mr.;138;Weasley;176;50;True
Mr.;138;Mason;10;5;True
Mr.;138;indignantly;1;1;True
Mr.;138;Filch;59;1;False
Mr.;138;Malfoys;3;1;False
Mr.;138;eagerly;8;2;False
Mr.;138;Creevey;16;1;False
Mr.;138;Mason....Do;1;1;True
Mr.;138;slowly;8;1;False
Mr.;138;Granger;23;4;False
Mr.;138;closely;3;1;False
Mr.;138;Malfoy;222;37;False
Mr.;138;delightedly;2;1;True
Mr.;138;nearly;2;1;True
Mr.;138;sharply;10;2;False
Mr.;138;coldly;3;1;False
Mr.;138;apart;1;2;True
Mr.;138;shortly;1;1;True
Mr.;138;Potter;123;3;False
Mr.;138;blankly;1;1;True
Mr.;138;Borgin;20;15;True
fiercely;4;Percy;72;1;False
fiercely;4;Aragog;22;1;False
fiercely;4;Harry;1824;2;True
Dippet;7;Professor;192;2;False
Dippet;7;curiously;3;1;False
Lord;19;Voldemort;31;13;True
firmly;1;Dumbledore;166;1;True
Gryffindor;63;House;13;3;False
Gryffindor;63;Tower;11;10;True
Gryffindor;63;Slytherin;86;1;False
Gryffindor;63;ever;4;1;False
Gryffindor;63;Beaters;2;1;True
Millicent;9;Bulstrode;7;6;True
scornfully;1;Malfoy;222;1;True
Jordan;6;Lee;7;6;True
paternally;1;Lockhart;236;1;True
furiously;3;Hagrid;171;1;False
furiously;3;Ron;738;1;False
furiously;3;Harry;1824;1;False
Hermione;341;wonderingly;2;1;True
Hermione;341;Pomfrey;29;1;False
Hermione;341;suddenly;13;1;False
Hermione;341;skeptically;1;1;True
Hermione;341;knowledgeably;1;1;True
Hermione;341;matter-of-factly;1;1;True
Hermione;341;sadly;1;1;True
Hermione;341;eagerly;8;1;False
Hermione;341;quickly;16;1;False
Hermione;341;slowly;8;1;False
Hermione;341;excitedly;4;1;False
Hermione;341;Granger;23;8;True
Hermione;341;suspiciously;2;1;True
Hermione;341;nervously;4;1;False
Hermione;341;Justin;44;1;False
Hermione;341;darkly;3;1;False
Hermione;341;shrilly;1;1;True
Hermione;341;sharply;10;1;False
Hermione;341;Harry;1824;8;False
Hermione;341;coldly;3;1;False
Hermione;341;brightly;4;1;False
Hermione;341;enthusiastically;3;1;False
Hermione;341;Ron;738;33;False
Hermione;341;keenly;1;1;True
Hermione;341;impatiently;5;1;False
Hermione;341;anxiously;1;1;True
Hermione;341;cautiously;2;1;True
Hermione;341;hastily;2;1;True
Hermione;341;briskly;4;2;True
Binns;20;Professor;192;19;True
Binns;20;slowly;8;1;False
disbelievingly;1;Harry;1824;1;True
Dobby;135;only;6;1;False
Dobby;135;slyly;1;1;True
Dobby;135;almost;6;1;False
Dobby;135;never;12;2;False
Dobby;135;back;14;2;False
Dobby;135;suddenly;13;1;False
Dobby;135;seriously;1;1;True
Dobby;135;reverently;1;1;True
Dobby;135;earnestly;1;1;True
Dobby;135;Colin;45;1;False
Myrtle;69;happily;5;1;False
Myrtle;69;brightly;4;1;False
Myrtle;69;dramatically;1;1;True
Myrtle;69;miserably;3;1;False
Slytherins;14;always;2;1;True
Slytherins;14;forever;2;1;True
Slytherins;14;other;6;1;False
coolly;1;Harry;1824;1;True
Dudley;40;Vernon;44;1;False
Dudley;40;Dursley;4;1;False
already;2;Dumbledore;166;1;True
already;2;Ginny;120;1;True
indignantly;1;Mr.;138;1;True
indignantly;1;Weasley;176;1;True
still;7;Head;6;1;False
still;7;I'd;25;1;False
still;7;Ron;738;1;False
still;7;Malfoy;222;1;False
still;7;Hagrid;171;1;False
McGonagall;99;weakly;7;1;False
McGonagall;99;curtly;1;1;True
McGonagall;99;Ron;738;1;False
McGonagall;99;heavily;3;1;False
McGonagall;99;Professor;192;83;True
McGonagall;99;sometimes;1;1;True
McGonagall;99;back;14;1;False
McGonagall;99;eagerly;8;1;False
McGonagall;99;crisply;1;1;True
McGonagall;99;Snape;108;2;False
McGonagall;99;sharply;10;2;False
McGonagall;99;alone;3;1;False
actually;1;Justin;44;1;True
not;2;Better;4;2;True
Tower;11;Gryffindor;63;10;True
Tower;11;ever;4;1;False
now;7;Pince;6;1;False
now;7;Potter;123;2;False
now;7;Weasley;176;1;False
now;7;Nick;49;1;False
now;7;Harry;1824;3;True
now;7;Lockhart;236;1;False
petulantly;1;Malfoy;222;1;True
desperately;3;Ron;738;1;False
desperately;3;Harry;1824;2;True
always;2;Dumbledore;166;1;True
always;2;Slytherins;14;1;True
Potter;123;only;6;1;False
Potter;123;Malfoy;222;1;False
Potter;123;Weasley;176;1;False
Potter;123;Mr.;138;3;False
Potter;123;other;6;1;False
Potter;123;Harry;1824;71;True
Potter;123;Dear;8;1;False
Potter;123;now;7;2;False
frantically;2;Harry;1824;2;True
Polo;1;Head;6;1;True
calmly;4;Dumbledore;166;4;True
really;1;Chamber;76;1;True
hastily;2;Hermione;341;1;True
hastily;2;Harry;1824;1;True
Filch;59;Mr.;138;1;False
Filch;59;Argus;7;3;True
Filch;59;back;14;2;False
seriously;1;Dobby;135;1;True
Class;2;Third;3;2;True
nervously;4;Hermione;341;1;False
nervously;4;Ron;738;1;False
nervously;4;Harry;1824;2;True
darkly;3;Nick;49;1;False
darkly;3;Hermione;341;1;False
darkly;3;Harry;1824;1;False
Aragog;22;fretfully;2;2;True
Aragog;22;fiercely;4;1;False
Aragog;22;slowly;8;1;False
Gringotts;6;Bank;1;1;True
just;5;I'd;25;1;False
just;5;Slytherin;86;1;False
just;5;Ginny;120;1;False
just;5;Colin;45;1;False
just;5;Harry;1824;1;False
uncertainly;2;Hannah;5;1;True
uncertainly;2;Ron;738;1;True
rapturously;1;Petunia;30;1;True
Beaters;2;Gryffindor;63;1;True
merrily;1;Harry;1824;1;True
thoughtfully;2;Dumbledore;166;1;True
thoughtfully;2;Harry;1824;1;True
sadly;1;Hermione;341;1;True
wonderingly;2;Pomfrey;29;1;True
wonderingly;2;Hermione;341;1;True
groggily;1;Harry;1824;1;True
warmly;1;Lockhart;236;1;True
Justin;44;Finch-Fletchley;11;9;True
Justin;44;happily;5;1;False
Justin;44;Nick;49;4;False
Justin;44;Hermione;341;1;False
Justin;44;actually;1;1;True
happily;5;Myrtle;69;1;False
happily;5;Hagrid;171;1;False
happily;5;Justin;44;1;False
happily;5;Harry;1824;2;True
Patrick;8;Sir;12;6;True
Patrick;8;Delaney-Podmore;1;1;True
exactly;1;Ron;738;1;True
delightedly;2;Mr.;138;1;True
delightedly;2;Weasley;176;1;True
delightedly;2;Ron;738;1;True
Macmillan;5;Ernie;25;3;True
Colin;45;just;5;1;False
Colin;45;Creevey;16;9;True
Colin;45;eagerly;8;2;False
Colin;45;breathlessly;1;1;True
Colin;45;Creevy;1;1;True
Colin;45;Dobby;135;1;False
Oliver;10;Wood;44;4;True
urgently;4;Hagrid;171;1;False
urgently;4;Harry;1824;3;True
gently;2;Errol;9;1;True
gently;2;Dumbledore;166;1;True
He'd;8;almost;6;2;False
He'd;8;probably;1;1;True
He'd;8;never;12;1;False
gloomily;2;Ron;738;1;True
gloomily;2;Harry;1824;1;True
gleefully;2;Crabbe;37;2;True
obviously;2;Professor;192;1;True
obviously;2;Dumbledore;166;1;True
obviously;2;Goyle;46;1;True
matter-of-factly;1;Hermione;341;1;True
Hannah;5;uncertainly;2;1;True
Hannah;5;Ernie;25;3;True
Thousand;7;Nimbus;9;3;True
Alicia;5;angrily;8;1;False
Alicia;5;Spinnet;2;2;True
eagerly;8;Creevey;16;1;False
eagerly;8;Professor;192;1;False
eagerly;8;McGonagall;99;1;False
eagerly;8;Colin;45;2;False
eagerly;8;Weasley;176;2;False
eagerly;8;Nick;49;1;False
eagerly;8;Mr.;138;2;False
eagerly;8;Hermione;341;1;False
eagerly;8;Fred;111;1;False
also;2;Hogwarts;80;1;True
also;2;Harry;1824;1;True
Errol;9;gently;2;1;True
Hall;24;Great;24;22;True
Bank;1;Gringotts;6;1;True
swiftly;1;Ernie;25;1;True
knowingly;1;Ron;738;1;True
forever;2;Chamber;76;1;True
forever;2;Slytherins;14;1;True
viciously;1;Vernon;44;1;True
sometimes;1;Professor;192;1;True
sometimes;1;McGonagall;99;1;True
Nimbus;9;Thousand;7;3;True
Howler;7;back;14;1;False
briskly;4;Percy;72;1;False
briskly;4;Wood;44;1;False
briskly;4;Hermione;341;2;True
Norris;27;Creevey;16;2;False
Norris;27;only;6;1;False
Norris;27;back;14;1;False
fretfully;2;Aragog;22;2;True
Hat;25;Fawkes;33;3;False
promptly;1;Petunia;30;1;True
painfully;1;Ron;738;1;True
painfully;1;Harry;1824;1;True
Fred;111;Ron;738;1;False
Fred;111;Weasley;176;9;False
Fred;111;together;4;1;False
Fred;111;finally;2;1;True
Fred;111;eagerly;8;1;False
Fred;111;George;99;29;False
only;6;Parselmouth;4;1;False
only;6;Norris;27;1;False
only;6;Potter;123;1;False
only;6;Dobby;135;1;False
only;6;Harry;1824;3;True
Parselmouth;4;only;6;1;False
excitedly;4;Nick;49;1;False
excitedly;4;Wood;44;1;False
excitedly;4;Hermione;341;1;False
excitedly;4;Ron;738;1;False
heartily;2;Vernon;44;1;True
heartily;2;Wood;44;1;True
irritably;2;Ron;738;1;True
irritably;2;Harry;1824;1;True
nearly;2;Mr.;138;1;True
nearly;2;Weasley;176;1;True
nearly;2;Harry;1824;1;True
closely;3;Mr.;138;1;False
closely;3;Malfoy;222;1;False
closely;3;Harry;1824;2;True
distinctly;1;Harry;1824;1;True
Delaney-Podmore;1;Sir;12;1;True
Delaney-Podmore;1;Patrick;8;1;True
tonelessly;1;Harry;1824;1;True
Lockhart;236;delicately;1;1;True
Lockhart;236;weakly;7;1;False
Lockhart;236;warmly;1;1;True
Lockhart;236;Gilderoy;39;34;True
Lockhart;236;Ron;738;1;False
Lockhart;236;graciously;1;1;True
Lockhart;236;Professor;192;10;False
Lockhart;236;back;14;1;False
Lockhart;236;quickly;16;1;False
Lockhart;236;soothingly;1;1;True
Lockhart;236;loudly;10;1;False
Lockhart;236;Snape;108;1;False
Lockhart;236;paternally;1;1;True
Lockhart;236;now;7;1;False
Lockhart;236;dimly;1;1;True
bossily;1;Harry;1824;1;True
keenly;1;Hermione;341;1;True
Finnigan;8;Thomas;7;2;False
Finnigan;8;Seamus;18;5;True
anxiously;1;Hermione;341;1;True
Alley;17;down;3;1;False
Alley;17;Hagrid;171;1;False
Draco;37;usually;1;1;True
Draco;37;Malfoy;222;18;True
delicately;1;Lockhart;236;1;True
miserably;3;Myrtle;69;1;False
miserably;3;Ron;738;1;False
miserably;3;Harry;1824;1;False
Grant;1;Miss;18;1;True
skeptically;1;Hermione;341;1;True
soothingly;1;Lockhart;236;1;True
hoarsely;2;Ron;738;2;True
flatly;1;Harry;1824;1;True
away;3;Hagrid;171;1;False
away;3;Bludgers;5;1;False
away;3;Ron;738;1;False
Evening;2;Prophet;6;1;True
hopefully;2;Ron;738;2;True
probably;1;He'd;8;1;True
Johnson;1;Angelina;3;1;True
Johnson;1;Katie;2;1;True
Creevy;1;Colin;45;1;True
Argus;7;Filch;59;3;True
Malfoy;222;sharply;10;1;False
Malfoy;222;smoothly;2;2;True
Malfoy;222;almost;6;1;False
Malfoy;222;Mr.;138;37;False
Malfoy;222;Master;4;1;False
Malfoy;222;still;7;1;False
Malfoy;222;scornfully;1;1;True
Malfoy;222;slowly;8;2;False
Malfoy;222;lazily;2;1;True
Malfoy;222;Lucius;28;20;True
Malfoy;222;closely;3;1;False
Malfoy;222;Harry;1824;1;False
Malfoy;222;petulantly;1;1;True
Malfoy;222;coldly;3;1;False
Malfoy;222;apart;1;1;True
Malfoy;222;shortly;1;1;True
Malfoy;222;impatiently;5;1;False
Malfoy;222;barely;3;1;False
Malfoy;222;Potter;123;1;False
Malfoy;222;loudly;10;1;False
Malfoy;222;usually;1;1;True
Malfoy;222;Draco;37;18;True
gratefully;1;Harry;1824;1;True
abruptly;3;Hagrid;171;1;False
abruptly;3;Ron;738;1;False
abruptly;3;Harry;1824;1;False
icily;1;Snape;108;1;True
barely;3;Malfoy;222;1;False
barely;3;Harry;1824;2;True
loudly;10;Thomas;7;1;False
loudly;10;Hagrid;171;1;False
loudly;10;Dean;16;1;False
loudly;10;Ron;738;2;False
loudly;10;Dumbledore;166;1;False
loudly;10;Malfoy;222;1;False
loudly;10;Percy;72;1;False
loudly;10;Nick;49;1;False
loudly;10;Harry;1824;1;False
loudly;10;Lockhart;236;1;False
Slytherin;86;Gryffindor;63;1;False
Slytherin;86;just;5;1;False
Slytherin;86;House;13;2;False
Slytherin;86;Serpent-tongue;1;1;True
Slytherin;86;Salazar;10;8;True
Slytherin;86;alone;3;1;False
Slytherin;86;Captain;2;1;True
Slytherin;86;ever;4;1;False
alone;3;McGonagall;99;1;False
alone;3;Professor;192;1;False
alone;3;Harry;1824;2;True
alone;3;Slytherin;86;1;False
Muggle;11;ever;4;1;False
Muggle;11;Office;4;3;True
Muggle;11;Act;3;3;True
Hufflepuff;9;Ernie;25;1;False
Hufflepuff;9;Ravenclaw;6;1;False
Hufflepuff;9;Harry;1824;1;False
patiently;1;Dumbledore;166;1;True
Sinistra;1;Professor;192;2;True
Sinistra;1;Flitwick;9;1;True
quickly;16;Nick;49;1;False
quickly;16;Lockhart;236;1;False
quickly;16;Hermione;341;1;False
quickly;16;Ron;738;2;False
quickly;16;Harry;1824;10;True
breathlessly;1;Colin;45;1;True
slowly;8;Binns;20;1;False
slowly;8;Ron;738;2;False
slowly;8;Professor;192;1;False
slowly;8;Malfoy;222;2;False
slowly;8;Mr.;138;1;False
slowly;8;Hermione;341;1;False
slowly;8;Harry;1824;1;False
slowly;8;Aragog;22;1;False
Pince;6;now;7;1;False
Dumbledore;166;pleasantly;1;1;True
Dumbledore;166;calmly;4;4;True
Dumbledore;166;already;2;1;True
Dumbledore;166;Hagrid;171;2;False
Dumbledore;166;always;2;1;True
Dumbledore;166;Professor;192;13;False
Dumbledore;166;gently;2;1;True
Dumbledore;166;obviously;2;1;True
Dumbledore;166;loudly;10;1;False
Dumbledore;166;simply;2;1;True
Dumbledore;166;sharply;10;1;False
Dumbledore;166;Harry;1824;1;False
Dumbledore;166;thoughtfully;2;1;True
Dumbledore;166;patiently;1;1;True
Dumbledore;166;Albus;6;2;False
Dumbledore;166;firmly;1;1;True
Apparate;2;yet;2;1;True
Dean;16;Thomas;7;6;True
Dean;16;loudly;10;1;False
Dean;16;Seamus;18;1;False
Dean;16;Harry;1824;1;False
slyly;1;Dobby;135;1;True
Fawkes;33;Hat;25;3;False
Mudblood;5;Granger;23;1;False
almost;6;He'd;8;2;False
almost;6;Mr.;138;1;False
almost;6;Dobby;135;1;False
almost;6;Malfoy;222;1;False
almost;6;Harry;1824;2;False
Decapitated-Podmore;1;Sir;12;1;True
thickly;2;Ron;738;1;True
thickly;2;Harry;1824;1;True
Better;4;not;2;2;True
Wood;44;Oliver;10;4;True
Wood;44;testily;1;1;True
Wood;44;enthusiastically;3;1;False
Wood;44;Flint;12;1;False
Wood;44;excitedly;4;1;False
Wood;44;heartily;2;1;True
Wood;44;briskly;4;1;False
Bludgers;5;away;3;1;False
Bludgers;5;never;12;2;True
Albus;6;Dumbledore;166;2;False
helpfully;1;Ron;738;1;True
Charm;11;Cheese;1;1;True
triumphantly;1;Harry;1824;1;True
resentfully;1;Ron;738;1;True
Third;3;Class;2;2;True
Prophet;6;Evening;2;1;True
Dear;8;Potter;123;1;False
Dear;8;Ron;738;1;False
Dear;8;Tom;12;3;True
jerkily;1;Ron;738;1;True
pleasantly;1;Dumbledore;166;1;True
weakly;7;Professor;192;1;False
weakly;7;McGonagall;99;1;False
weakly;7;Lockhart;236;1;False
weakly;7;Ron;738;3;True
weakly;7;Harry;1824;2;False
shortly;1;Mr.;138;1;True
shortly;1;Malfoy;222;1;True
incredulously;2;Ron;738;1;True
incredulously;2;Harry;1824;1;True
dully;1;Harry;1824;1;True
well;3;Harry;1824;2;True
Finch-Fletchley;11;Justin;44;9;True
Finch-Fletchley;11;Longbottom;10;1;False
Fawcett;1;Miss;18;1;True
Fang;35;suddenly;13;1;False
Fang;35;Ron;738;2;False
heavily;3;Professor;192;1;False
heavily;3;McGonagall;99;1;False
heavily;3;Ron;738;1;False
heavily;3;Harry;1824;1;False
knowledgeably;1;Hermione;341;1;True
yet;2;Apparate;2;1;True
yet;2;Ron;738;1;True
Ravenclaw;6;Hufflepuff;9;1;False
Flint;12;carelessly;1;1;True
Flint;12;Wood;44;1;False
earnestly;1;Dobby;135;1;True
Great;24;Scott;1;1;True
Great;24;Hall;24;22;True
enthusiastically;3;Wood;44;1;False
enthusiastically;3;Hermione;341;1;False
enthusiastically;3;Ron;738;1;False
politely;1;Harry;1824;1;True
Salazar;10;Slytherin;86;8;True
apart;1;Mr.;138;2;True
apart;1;Weasley;176;1;True
apart;1;Malfoy;222;1;True
sincerely;1;Harry;1824;1;True
sternly;2;Percy;72;2;True
London;7;Wednesday;3;1;False
simply;2;Dumbledore;166;1;True
simply;2;Ginny;120;1;True
Borgin;20;Mr.;138;15;True
Borgin;20;Burkes;3;3;True
Gryffindors;17;down;3;1;False
Gryffindors;17;other;6;2;False
Dumbledore...Riddle;1;Professor;192;1;True
Creevey;16;Colin;45;9;True
Creevey;16;Norris;27;2;False
Creevey;16;Mr.;138;1;False
Creevey;16;eagerly;8;1;False
Creevey;16;You'd;7;1;False
proudly;2;Nick;49;1;True
proudly;2;Hagrid;171;1;True
back;14;Bludger;43;2;False
back;14;Norris;27;1;False
back;14;Professor;192;2;False
back;14;McGonagall;99;1;False
back;14;Mason;10;1;False
back;14;Filch;59;2;False
back;14;Howler;7;1;False
back;14;Harry;1824;1;False
back;14;Ginny;120;1;False
back;14;Lockhart;236;1;False
back;14;Dobby;135;2;False
Mason;10;Mr.;138;5;True
Mason;10;back;14;1;False
Master;4;Malfoy;222;1;False
hurriedly;1;Harry;1824;1;True
Longbottom;10;Finch-Fletchley;11;1;False
Longbottom;10;Neville;31;9;True
Crabbe;37;Goyle;46;11;False
Crabbe;37;gleefully;2;2;True
Lee;7;Jordan;6;6;True
constantly;1;Harry;1824;1;True
Mason....Do;1;Mr.;138;1;True
Severus;6;Snape;108;2;False
Lucius;28;Malfoy;222;20;True
squarely;1;Professor;192;1;True
squarely;1;Flitwick;9;1;True
coldly;3;Mr.;138;1;False
coldly;3;Snape;108;1;False
coldly;3;Hermione;341;1;False
coldly;3;Malfoy;222;1;False
Angelina;3;Johnson;1;1;True
You'd;7;Creevey;16;1;False
You'd;7;never;12;1;False
Ron;738;still;7;1;False
Ron;738;hotly;1;1;True
Ron;738;quietly;3;1;False
Ron;738;miserably;3;1;False
Ron;738;Fang;35;2;False
Ron;738;heavily;3;1;False
Ron;738;suddenly;13;3;False
Ron;738;irritably;2;1;True
Ron;738;Weasley;176;2;False
Ron;738;hoarsely;2;2;True
Ron;738;gruffly;2;1;True
Ron;738;helpfully;1;1;True
Ron;738;gloomily;2;1;True
Ron;738;quickly;16;2;False
Ron;738;yet;2;1;True
Ron;738;sagely;1;1;True
Ron;738;painfully;1;1;True
Ron;738;away;3;1;False
Ron;738;McGonagall;99;1;False
Ron;738;furiously;3;1;False
Ron;738;Fred;111;1;False
Ron;738;uncertainly;2;1;True
Ron;738;slowly;8;2;False
Ron;738;excitedly;4;1;False
Ron;738;Granger;23;2;False
Ron;738;suspiciously;2;1;True
Ron;738;delightedly;2;1;True
Ron;738;nervously;4;1;False
Ron;738;exactly;1;1;True
Ron;738;resentfully;1;1;True
Ron;738;hopefully;2;2;True
Ron;738;faintly;1;1;True
Ron;738;angrily;8;2;False
Ron;738;enthusiastically;3;1;False
Ron;738;curiously;3;1;False
Ron;738;tensely;2;2;True
Ron;738;Hermione;341;33;False
Ron;738;sharply;10;3;False
Ron;738;Harry;1824;58;False
Ron;738;fervently;1;1;True
Ron;738;enviously;1;1;True
Ron;738;knowingly;1;1;True
Ron;738;reassuringly;1;1;True
Ron;738;jerkily;1;1;True
Ron;738;Lockhart;236;1;False
Ron;738;abruptly;3;1;False
Ron;738;brightly;4;1;False
Ron;738;desperately;3;1;False
Ron;738;weakly;7;3;True
Ron;738;incredulously;2;1;True
Ron;738;impatiently;5;3;True
Ron;738;thickly;2;1;True
Ron;738;together;4;3;True
Ron;738;loudly;10;2;False
Ron;738;Dear;8;1;False
Captain;2;Slytherin;86;1;True
nastily;1;Vernon;44;1;True
automatically;1;Harry;1824;1;True
Katie;2;Johnson;1;1;True
hotly;1;Ron;738;1;True
quietly;3;Ron;738;1;False
quietly;3;Harry;1824;2;True
Cup;2;House;13;2;True
Act;3;Arthur;16;1;False
Act;3;Muggle;11;3;True
Act;3;Weasley;176;1;False
down;3;Gryffindors;17;1;False
down;3;Alley;17;1;False
smoothly;2;Mr.;138;1;True
smoothly;2;Malfoy;222;2;True
forward;1;Ginny;120;1;True
graciously;1;Lockhart;236;1;True
shrilly;1;Hermione;341;1;True
Chamber;76;again;5;1;False
Chamber;76;forever;2;1;True
Chamber;76;really;1;1;True
curiously;3;Dippet;7;1;False
curiously;3;Ron;738;1;False
curiously;3;Harry;1824;1;False
Harry;1824;quietly;3;2;True
Harry;1824;closely;3;2;True
Harry;1824;just;5;1;False
Harry;1824;heavily;3;1;False
Harry;1824;suddenly;13;7;True
Harry;1824;well;3;2;True
Harry;1824;urgently;4;3;True
Harry;1824;irritably;2;1;True
Harry;1824;back;14;1;False
Harry;1824;forcefully;2;1;True
Harry;1824;Malfoy;222;1;False
Harry;1824;sincerely;1;1;True
Harry;1824;fiercely;4;2;True
Harry;1824;hollowly;1;1;True
Harry;1824;hurriedly;1;1;True
Harry;1824;flatly;1;1;True
Harry;1824;gloomily;2;1;True
Harry;1824;thoughtfully;2;1;True
Harry;1824;Hufflepuff;9;1;False
Harry;1824;alone;3;2;True
Harry;1824;darkly;3;1;False
Harry;1824;miserably;3;1;False
Harry;1824;distractedly;1;1;True
Harry;1824;again;5;2;True
Harry;1824;painfully;1;1;True
Harry;1824;also;2;1;True
Harry;1824;constantly;1;1;True
Harry;1824;bleakly;1;1;True
Harry;1824;only;6;3;True
Harry;1824;quickly;16;10;True
Harry;1824;coolly;1;1;True
Harry;1824;Vernon;44;2;False
Harry;1824;slowly;8;1;False
Harry;1824;triumphantly;1;1;True
Harry;1824;dully;1;1;True
Harry;1824;suspiciously;2;1;True
Harry;1824;abruptly;3;1;False
Harry;1824;groggily;1;1;True
Harry;1824;nervously;4;2;True
Harry;1824;furiously;3;1;False
Harry;1824;merrily;1;1;True
Harry;1824;happily;5;2;True
Harry;1824;grimly;3;1;False
Harry;1824;never;12;1;False
Harry;1824;here;3;3;True
Harry;1824;angrily;8;4;True
Harry;1824;genially;1;1;True
Harry;1824;curiously;3;1;False
Harry;1824;Hermione;341;8;False
Harry;1824;politely;1;1;True
Harry;1824;distinctly;1;1;True
Harry;1824;wearily;1;1;True
Harry;1824;almost;6;2;False
Harry;1824;now;7;3;True
Harry;1824;tonelessly;1;1;True
Harry;1824;hastily;2;1;True
Harry;1824;nearly;2;1;True
Harry;1824;incredulously;2;1;True
Harry;1824;desperately;3;2;True
Harry;1824;bossily;1;1;True
Harry;1824;weakly;7;2;False
Harry;1824;Dean;16;1;False
Harry;1824;fearfully;1;1;True
Harry;1824;Ron;738;58;False
Harry;1824;gratefully;1;1;True
Harry;1824;disbelievingly;1;1;True
Harry;1824;barely;3;2;True
Harry;1824;Potter;123;71;True
Harry;1824;thickly;2;1;True
Harry;1824;together;4;3;True
Harry;1824;frantically;2;2;True
Harry;1824;loudly;10;1;False
Harry;1824;cautiously;2;1;True
Harry;1824;quite;1;1;True
Harry;1824;Dumbledore;166;1;False
Harry;1824;George;99;1;False
Harry;1824;automatically;1;1;True
Harry;1824;privately;1;1;True
Office;4;Muggle;11;3;True
House;13;Cup;2;2;True
House;13;Gryffindor;63;3;False
House;13;Championship;2;2;True
House;13;Slytherin;86;2;False
cautiously;2;Hermione;341;1;True
cautiously;2;Harry;1824;1;True
Sir;12;Patrick;8;6;True
Sir;12;Delaney-Podmore;1;1;True
Sir;12;Decapitated-Podmore;1;1;True
Dursley;4;Mr.;138;2;True
Dursley;4;Vernon;44;1;False
Dursley;4;Dudley;40;1;False
bleakly;1;Harry;1824;1;True
gruffly;2;Hagrid;171;1;True
gruffly;2;Ron;738;1;True
Ginny;120;already;2;1;True
Ginny;120;just;5;1;False
Ginny;120;back;14;1;False
Ginny;120;accidentally;1;1;True
Ginny;120;Weasley;176;13;False
Ginny;120;finally;2;1;True
Ginny;120;simply;2;1;True
Ginny;120;forward;1;1;True
stiffly;1;Nick;49;1;True
again;5;Chamber;76;1;False
again;5;Hogwarts;80;1;False
again;5;Snape;108;1;False
again;5;Harry;1824;2;True
dimly;1;Lockhart;236;1;True
Pennyfeather;1;Miss;18;1;True
other;6;Gryffindors;17;2;False
other;6;Bludger;43;1;False
other;6;Slytherins;14;1;False
other;6;Potter;123;1;False
suspiciously;2;Hermione;341;1;True
suspiciously;2;Ron;738;1;True
suspiciously;2;Harry;1824;1;True
faintly;1;Ron;738;1;True
genially;1;Harry;1824;1;True
fervently;1;Ron;738;1;True
Flitwick;9;squarely;1;1;True
Flitwick;9;Professor;192;6;True
Flitwick;9;Sinistra;1;1;True
reassuringly;1;Ron;738;1;True
together;4;Fred;111;1;False
together;4;George;99;1;False
together;4;Ron;738;3;True
together;4;Harry;1824;3;True
Scott;1;Great;24;1;True